SL. No.,STATE,CONSTITUENCY,WINNER NAME,CATEGORY,SOCIAL CATEGORY,PARTY,PARTY SYMBOL,MARGIN
1,Andaman & Nicobar Islands,Andaman & Nicobar Islands,KULDEEP RAI SHARMA,GEN,GEN,INC,Hand,1407
2,Andhra Pradesh,Aruku ,GODDETI. MADHAVI,ST,ST,YSRCP,Ceiling Fan,224089
3,Andhra Pradesh,Srikakulam,KINJARAPU RAM MOHAN NAIDU,GEN,GEN,TDP,Bicycle,6653
4,Andhra Pradesh,Vizianagaram,Bellana Chandra Sekhar,GEN,GEN,YSRCP,Ceiling Fan,48036
5,Andhra Pradesh,Visakhapatnam,M V V SATYANARAYANA,GEN,GEN,YSRCP,Ceiling Fan,4414
6,Andhra Pradesh,Anakapalli,Dr.Beesetti Venkata Satyavathi,GEN,GEN,YSRCP,Ceiling Fan,89192
7,Andhra Pradesh,Kakinada,VANGA GEETHAVISWANATH,GEN,GEN,YSRCP,Ceiling Fan,25738
8,Andhra Pradesh,Amalapuram ,CHINTA ANURADHA,SC,SC,YSRCP,Ceiling Fan,39795
9,Andhra Pradesh,Rajahmundry,MARGANI BHARAT,GEN,GEN,YSRCP,Ceiling Fan,121634
10,Andhra Pradesh,Narsapuram,KANUMURU RAGHU RAMA KRISHNA RAJU,GEN,GEN,YSRCP,Ceiling Fan,32676
11,Andhra Pradesh,Eluru ,KOTAGIRI SRIDHAR,GEN,GEN,YSRCP,Ceiling Fan,165925
12,Andhra Pradesh,Machilipatnam ,BALASHOWRY VALLABHANENI,GEN,GEN,YSRCP,Ceiling Fan,60238
13,Andhra Pradesh,Vijayawada,KESINENI SRINIVAS (NANI),GEN,GEN,TDP,Bicycle,8726
14,Andhra Pradesh,Guntur,Jayadev Galla,GEN,GEN,TDP,Bicycle,4205
15,Andhra Pradesh,Narasaraopet,LAVU SRI KRISHNA DEVARAYALU,GEN,GEN,YSRCP,Ceiling Fan,154002
16,Andhra Pradesh,Bapatla ,NANDIGAM SURESH,SC,SC,YSRCP,Ceiling Fan,16065
17,Andhra Pradesh,Ongole ,MAGUNTA SREENIVASULU REDDY,GEN,GEN,YSRCP,Ceiling Fan,214851
18,Andhra Pradesh,Nandyal,POCHA . BRAHMANANDA REDDY,GEN,GEN,YSRCP,Ceiling Fan,250119
19,Andhra Pradesh,Kurnool,AYUSHMAN DOCTOR SANJEEV KUMAR,GEN,GEN,YSRCP,Ceiling Fan,149067
20,Andhra Pradesh,Anantapur,TALARI RANGAIAH,GEN,GEN,YSRCP,Ceiling Fan,141428
21,Andhra Pradesh,Hindupur,KURUVA GORANTLA MADHAV,GEN,GEN,YSRCP,Ceiling Fan,140748
22,Andhra Pradesh,Kadapa,Y.S.Avinash Reddy,GEN,GEN,YSRCP,Ceiling Fan,380726
23,Andhra Pradesh,Nellore,Adala Prabhakara Reddy,GEN,GEN,YSRCP,Ceiling Fan,148571
24,Andhra Pradesh,Tirupati ,Balli Durga Prasad Rao,SC,SC,YSRCP,Ceiling Fan,228376
25,Andhra Pradesh,Rajampet,P.V.MIDHUN REDDY,GEN,GEN,YSRCP,Ceiling Fan,268284
26,Andhra Pradesh,Chittoor ,N. REDDEPPA,SC,SC,YSRCP,Ceiling Fan,137271
27,Arunachal Pradesh,ARUNACHAL WEST,KIREN RIJIJU,GEN,GEN,BJP,Lotus,174843
28,Arunachal Pradesh,ARUNACHAL EAST,Tapir Gao,GEN,GEN,BJP,Lotus,69948
29,Assam,Kokrajhar,Naba Kumar Sarania,ST,ST,IND,Battery Torch,37786
30,Assam,Barpeta,Abdul Khaleque,GEN,GEN,INC,Hand,140307
31,Assam,Gauhati,QUEEN OJA,GEN,GEN,BJP,Lotus,345606
32,Assam,Mangaldoi,DILIP SAIKIA,GEN,GEN,BJP,Lotus,138545
33,Assam,Tezpur,PALLAB LOCHAN DAS,GEN,GEN,BJP,Lotus,242841
34,Assam,Nowgong,Pradyut Bordoloi,GEN,GEN,INC,Hand,16752
35,Assam,Kaliabor,Gaurav Gogoi,GEN,GEN,INC,Hand,209994
36,Assam,Jorhat,TOPON KUMAR GOGOI,GEN,GEN,BJP,Lotus,82653
37,Assam,Dibrugarh,RAMESWAR TELI,GEN,GEN,BJP,Lotus,364566
38,Assam,Lakhimpur,PRADAN BARUAH,GEN,GEN,BJP,Lotus,350551
39,Assam,Karimganj ,KRIPANATH MALLAH,SC,SC,BJP,Lotus,38389
40,Assam,Silchar,RAJDEEP ROY,GEN,GEN,BJP,Lotus,81596
41,Assam,Autonomous District,HOREN SING BEY,ST,ST,BJP,Lotus,239626
42,Assam,Dhubri,BADRUDDIN AJMAL,GEN,GEN,AIUDF,Lock and Key,226258
43,Bihar,Samastipur (SC),Ramchandra Paswan,SC,SC,LJP,Bungalow,251643
44,Bihar,Begusarai,Giriraj Singh,GEN,GEN,BJP,Lotus,422217
45,Bihar,Khagaria,Choudhary Mehboob Ali Kaiser,GEN,GEN,LJP,Bungalow,248570
46,Bihar,Bhagalpur,AJAY KUMAR MANDAL,GEN,GEN,JD(U),Arrow,277630
47,Bihar,Banka,GIRIDHARI YADAV,GEN,GEN,JD(U),Arrow,200532
48,Bihar,Munger,RAJIV RANJAN SINGH ALIAS LALAN SINGH,GEN,GEN,JD(U),Arrow,167937
49,Bihar,Nalanda,Kaushlendra Kumar,GEN,GEN,JD(U),Arrow,256137
50,Bihar,Patna Sahib,RAVI SHANKAR PRASAD,GEN,GEN,BJP,Lotus,284657
51,Bihar,Pataliputra,RAM KRIPAL YADAV,GEN,GEN,BJP,Lotus,39321
52,Bihar,Arrah,R. K. Singh,GEN,GEN,BJP,Lotus,147285
53,Bihar,Valmiki Nagar,BAIDYANATH PRASAD MAHTO,GEN,GEN,JD(U),Arrow,354616
54,Bihar,Buxar,Ashwini Kumar Choubey,GEN,GEN,BJP,Lotus,117609
55,Bihar,Paschim Champaran,DR. SANJAY JAISWAL,GEN,GEN,BJP,Lotus,293906
56,Bihar,Sasaram (SC),CHHEDI PASWAN,SC,SC,BJP,Lotus,165745
57,Bihar,Purvi Champaran,RADHA MOHAN SINGH,GEN,GEN,BJP,Lotus,293648
58,Bihar,Karakat,MAHABALI SINGH,GEN,GEN,JD(U),Arrow,84542
59,Bihar,Jahanabad,CHANDESHWAR PRASAD,GEN,GEN,JD(U),Arrow,1751
60,Bihar,Sheohar,RAMA DEVI,GEN,GEN,BJP,Lotus,340360
61,Bihar,Aurangabad,SUSHIL KUMAR SINGH,GEN,GEN,BJP,Lotus,70552
62,Bihar,Sitamarhi,Sunil Kumar Pintu,GEN,GEN,JD(U),Arrow,250539
63,Bihar,Madhubani,ASHOK KUMAR YADAV,GEN,GEN,BJP,Lotus,454940
64,Bihar,Gaya (SC),Vijay Kumar,SC,SC,JD(U),Arrow,152426
65,Bihar,Jhanjharpur,Ramprit Mandal,GEN,GEN,JD(U),Arrow,322951
66,Bihar,Nawada,Chandan Singh,GEN,GEN,LJP,Bungalow,148072
67,Bihar,Supaul,Dileshwar Kamait,GEN,GEN,JD(U),Arrow,266853
68,Bihar,Jamui (SC),CHIRAG KUMAR PASWAN,SC,SC,LJP,Bungalow,241049
69,Bihar,Araria,PRADEEP KUMAR SINGH,GEN,GEN,BJP,Lotus,137241
70,Bihar,Kishanganj,Dr. Mohammad Jawed,GEN,GEN,INC,Hand,34466
71,Bihar,Katihar,DULAL CHANDRA GOSWAMI,GEN,GEN,JD(U),Arrow,57203
72,Bihar,Purnia,SANTOSH KUMAR,GEN,GEN,JD(U),Arrow,263461
73,Bihar,Madhepura,Dinesh Chandra Yadav,GEN,GEN,JD(U),Arrow,301527
74,Bihar,Darbhanga,Gopal Jee Thakur,GEN,GEN,BJP,Lotus,267979
75,Bihar,Muzaffarpur,Ajay Nishad,GEN,GEN,BJP,Lotus,409988
76,Bihar,Vaishali,Veena Devi (W/o Dinesh Prasad Singh),GEN,GEN,LJP,Bungalow,234584
77,Bihar,Gopalganj (SC),DR. ALOK KUMAR SUMAN,SC,SC,JD(U),Arrow,286434
78,Bihar,Siwan,Kavita Singh,GEN,GEN,JD(U),Arrow,116958
79,Bihar,Maharajganj,"Janardan Singh 'Sigriwal""",GEN,GEN,BJP,Lotus,230772
80,Bihar,Saran,Rajiv Pratap Rudy,GEN,GEN,BJP,Lotus,138411
81,Bihar,Hajipur (SC),PASHU PATI KUMAR PARAS,SC,SC,LJP,Bungalow,205449
82,Bihar,Ujiarpur,Nityanand Rai,GEN,GEN,BJP,Lotus,277278
83,Chandigarh,CHANDIGARH,KIRRON KHER,GEN,GEN,BJP,Lotus,46970
84,Chhattisgarh,SARGUJA,Renuka Singh Saruta,ST,ST,BJP,Lotus,157873
85,Chhattisgarh,RAIGARH,GOMATI SAI,ST,ST,BJP,Lotus,66027
86,Chhattisgarh,JANJGIR-CHAMPA,GUHARAM AJGALLEY,SC,SC,BJP,Lotus,83255
87,Chhattisgarh,KORBA,JYOTSNA CHARANDAS MAHANT,GEN,GEN,INC,Hand,26249
88,Chhattisgarh,BILASPUR,ARUN SAO,GEN,GEN,BJP,Lotus,141763
89,Chhattisgarh,RAJNANDGAON,SANTOSH PANDEY,GEN,GEN,BJP,Lotus,111966
90,Chhattisgarh,DURG,VIJAY BAGHEL,GEN,GEN,BJP,Lotus,391978
91,Chhattisgarh,RAIPUR,Sunil Kumar Soni,GEN,GEN,BJP,Lotus,348238
92,Chhattisgarh,MAHASAMUND,CHUNNI LAL SAHU,GEN,GEN,BJP,Lotus,90511
93,Chhattisgarh,BASTAR,DEEPAK BAIJ,ST,ST,INC,Hand,38982
94,Chhattisgarh,KANKER,MOHAN MANDAVI,ST,ST,BJP,Lotus,6914
95,Dadra & Nagar Haveli,Dadra And Nagar Haveli,DELKAR MOHANBHAI SANJIBHAI,ST,ST,IND,Batsman,9001
96,Daman & Diu,Daman & diu,LALUBHAI BABUBHAI PATEL,GEN,GEN,BJP,Lotus,9942
97,Goa,North Goa,SHRIPAD YESSO NAIK,GEN,GEN,BJP,Lotus,80247
98,Goa,South Goa,COSME FRANCISCO CAITANO SARDINHA,GEN,GEN,INC,Hand,9755
99,Gujarat,Junagadh,CHUDASAMA RAJESHBHAI NARANBHAI,GEN,GEN,BJP,Lotus,150211
100,Gujarat,Amreli,Kachhadiya Naranbhai Bhikhabhai,GEN,GEN,BJP,Lotus,201431
101,Gujarat,Bhavnagar,DR.BHARATIBEN DHIRUBHAI SHIYAL,GEN,GEN,BJP,Lotus,329519
102,Gujarat,Anand,PATEL MITESH RAMESHBHAI (BAKABHAI),GEN,GEN,BJP,Lotus,197718
103,Gujarat,Kheda,Chauhan Devusinh,GEN,GEN,BJP,Lotus,367145
104,Gujarat,Panchmahal,Ratansinh Magansinh Rathod,GEN,GEN,BJP,Lotus,428541
105,Gujarat,Dahod,JASHVANTSINH SUMANBHAI BHABHOR,ST,ST,BJP,Lotus,127596
106,Gujarat,Vadodara,RANJANBEN BHATT,GEN,GEN,BJP,Lotus,589177
107,Gujarat,Chhota Udaipur,RATHVA GITABEN VAJESINGBHAI,ST,ST,BJP,Lotus,377943
108,Gujarat,Bharuch,Mansukhbhai Dhanjibhai Vasava,GEN,GEN,BJP,Lotus,334214
109,Gujarat,Bardoli,PARBHUBHAI NAGARBHAI VASAVA,ST,ST,BJP,Lotus,215447
110,Gujarat,Surat,Darshana Vikram Jardosh,GEN,GEN,BJP,Lotus,548230
111,Gujarat,Navsari,C. R. Patil,GEN,GEN,BJP,Lotus,689668
112,Gujarat,Valsad,Dr.K.C.PATEL,ST,ST,BJP,Lotus,353797
113,Gujarat,Kachchh,CHAVDA VINOD LAKHAMSHI,SC,SC,BJP,Lotus,305513
114,Gujarat,Banaskantha,PARBATBHAI SAVABHAI PATEL,GEN,GEN,BJP,Lotus,368296
115,Gujarat,Patan,DABHI BHARATSINHJI SHANKARJI,GEN,GEN,BJP,Lotus,193879
116,Gujarat,Mahesana,SHARDABEN ANILBHAI PATEL,GEN,GEN,BJP,Lotus,281519
117,Gujarat,Sabarkantha,RATHOD DIPSINH SHANKARSINH,GEN,GEN,BJP,Lotus,268986
118,Gujarat,Gandhinagar,AMIT SHAH,GEN,GEN,BJP,Lotus,557014
119,Gujarat,Ahmedabad East,Patel Hasmukhbhai Somabhai,GEN,GEN,BJP,Lotus,434330
120,Gujarat,Ahmedabad West,DR. KIRIT P. SOLANKI,SC,SC,BJP,Lotus,321546
121,Gujarat,Surendranagar,Dr. MUNJAPARA MAHENDRABHAI,GEN,GEN,BJP,Lotus,277437
122,Gujarat,Rajkot,KUNDARIA MOHANBHAI KALYANJIBHAI,GEN,GEN,BJP,Lotus,368407
123,Gujarat,Porbandar,RAMESHBHAI LAVJIBHAI DHADUK,GEN,GEN,BJP,Lotus,229823
124,Gujarat,Jamnagar,POONAMBEN HEMATBHAI MAADAM,GEN,GEN,BJP,Lotus,236804
125,Haryana,Ambala,RATTAN LAL KATARIA,SC,SC,BJP,Lotus,342345
126,Haryana,Kurukshetra,NAYAB SINGH,GEN,GEN,BJP,Lotus,384591
127,Haryana,Sirsa,Sunita Duggal,SC,SC,BJP,Lotus,309918
128,Haryana,Hisar,BRIJENDRA SINGH,GEN,GEN,BJP,Lotus,314068
129,Haryana,Karnal,Sanjay Bhatia,GEN,GEN,BJP,Lotus,656142
130,Haryana,Sonipat,RAMESH CHANDER KAUSHIK,GEN,GEN,BJP,Lotus,164864
131,Haryana,Rohtak,ARVIND KUMAR SHARMA,GEN,GEN,BJP,Lotus,7503
132,Haryana,Bhiwani-Mahendragarh,Dharambir Singh S/o Bhale Ram,GEN,GEN,BJP,Lotus,444463
133,Haryana,Gurgaon,RAO INDERJIT SINGH,GEN,GEN,BJP,Lotus,386256
134,Haryana,Faridabad,KRISHAN PAL,GEN,GEN,BJP,Lotus,638239
135,Himachal Pradesh,Kangra,Kishan Kapoor,GEN,GEN,BJP,Lotus,477623
136,Himachal Pradesh,Mandi,RAM SWAROOP SHARMA,GEN,GEN,BJP,Lotus,405459
137,Himachal Pradesh,Hamirpur,ANURAG SINGH THAKUR,GEN,GEN,BJP,Lotus,399572
138,Himachal Pradesh,Shimla,SURESH KUMAR KASHYAP,SC,SC,BJP,Lotus,327514
139,Jammu & Kashmir,Udhampur,DR. JITENDRA SINGH,GEN,GEN,BJP,Lotus,357252
140,Jammu & Kashmir,Jammu,Jugal Kishore,GEN,GEN,BJP,Lotus,302875
141,Jammu & Kashmir,Baramulla,MOHAMMAD AKBAR LONE,GEN,GEN,JKN,Plough,30233
142,Jammu & Kashmir,Srinagar,Farooq Abdullah,GEN,GEN,JKN,Plough,70050
143,Jammu & Kashmir,Anantnag,HASNAIN MASOODI,GEN,GEN,JKN,Plough,6676
144,Jammu & Kashmir,Ladakh,Jamyang Tsering Namgyal,GEN,GEN,BJP,Lotus,10930
145,Jharkhand,Rajmahal,VIJAY KUMAR HANSDAK,ST,ST,JMM,Bow & Arrow,99195
146,Jharkhand,Dumka,SUNIL SOREN,ST,ST,BJP,Lotus,47590
147,Jharkhand,Godda,Nishikant Dubey,GEN,GEN,BJP,Lotus,184227
148,Jharkhand,Chatra,SUNIL KUMAR SINGH,GEN,GEN,BJP,Lotus,377871
149,Jharkhand,Kodarma,ANNPURNA DEVI,GEN,GEN,BJP,Lotus,455600
150,Jharkhand,Giridih,Chandra Prakash Choudhary,GEN,GEN,AJSUP,Banana,248347
151,Jharkhand,Dhanbad,PASHUPATI NATH SINGH,GEN,GEN,BJP,Lotus,486194
152,Jharkhand,Ranchi,SANJAY SETH,GEN,GEN,BJP,Lotus,282780
153,Jharkhand,Jamshedpur,Bidyut Baran Mahato,GEN,GEN,BJP,Lotus,302090
154,Jharkhand,Singhbhum,GEETA KORA,ST,ST,INC,Hand,72155
155,Jharkhand,Khunti,ARJUN MUNDA,ST,ST,BJP,Lotus,1445
156,Jharkhand,Lohardaga,SUDARSHAN BHAGAT,ST,ST,BJP,Lotus,10363
157,Jharkhand,Palamau,VISHNU DAYAL RAM,SC,SC,BJP,Lotus,477606
158,Jharkhand,Hazaribagh,JAYANT SINHA,GEN,GEN,BJP,Lotus,479548
159,Karnataka,Chikkodi,ANNASAHEB SHANKAR JOLLE,GEN,GEN,BJP,Lotus,118877
160,Karnataka,Belgaum,ANGADI SURESH CHANNABASAPPA,GEN,GEN,BJP,Lotus,391304
161,Karnataka,Bagalkot,Gaddigoudar Parvatagouda Chandanagouda,GEN,GEN,BJP,Lotus,168187
162,Karnataka,Bijapur,JIGAJINAGI RAMESH CHANDAPPA,SC,SC,BJP,Lotus,258038
163,Karnataka,Gulbarga,DR. UMESH G JADHAV,SC,SC,BJP,Lotus,95452
164,Karnataka,Raichur,RAJA AMARESHWARA NAIK,ST,ST,BJP,Lotus,117716
165,Karnataka,Bidar,BHAGWANTH KHUBA,GEN,GEN,BJP,Lotus,116834
166,Karnataka,Koppal,KARADI SANGANNA AMARAPPA,GEN,GEN,BJP,Lotus,38397
167,Karnataka,Bellary,Y. DEVENDRAPPA,ST,ST,BJP,Lotus,55707
168,Karnataka,Haveri,UDASI. S.C.,GEN,GEN,BJP,Lotus,140882
169,Karnataka,Dharwad,Pralhad Joshi,GEN,GEN,BJP,Lotus,205072
170,Karnataka,Uttara Kannada,ANANTKUMAR HEGDE,GEN,GEN,BJP,Lotus,479649
171,Karnataka,Davanagere,G M SIDDESHWAR,GEN,GEN,BJP,Lotus,169702
172,Karnataka,Shimoga,B.Y.RAGHAVENDRA.,GEN,GEN,BJP,Lotus,223360
173,Karnataka,Udupi Chikmagalur,SHOBHA KARANDLAJE,GEN,GEN,BJP,Lotus,349599
174,Karnataka,Hassan,PRAJWAL REVANNA,GEN,GEN,JD(S),A lady farmer carrying paddy on her head,141324
175,Karnataka,Dakshina Kannada,NALIN KUMAR KATEEL,GEN,GEN,BJP,Lotus,274621
176,Karnataka,Chitradurga,A NARAYANASWAMY,SC,SC,BJP,Lotus,80178
177,Karnataka,Tumkur,G. S. BASAVARAJ,GEN,GEN,BJP,Lotus,13339
178,Karnataka,Mandya,SUMALATHA AMBAREESH,GEN,GEN,IND,Man Blowing Turha,125876
179,Karnataka,Mysore,PRATHAP SIMHA,GEN,GEN,BJP,Lotus,138647
180,Karnataka,Chamarajanagar,V. SRINIVAS PRASAD,SC,SC,BJP,Lotus,1817
181,Karnataka,Bangalore Rural,D.K. SURESH,GEN,GEN,INC,Hand,206870
182,Karnataka,Bangalore North,D.V. Sadananda Gowda,GEN,GEN,BJP,Lotus,147518
183,Karnataka,Bangalore central,P. C. Mohan,GEN,GEN,BJP,Lotus,70968
184,Karnataka,Bangalore South,TEJASVI SURYA,GEN,GEN,BJP,Lotus,331192
185,Karnataka,Chikkballapur,B.N.Bache Gowda,GEN,GEN,BJP,Lotus,182110
186,Karnataka,Kolar,S. MUNISWAMY,SC,SC,BJP,Lotus,210021
187,Kerala,Vadakara,K. MURALEEDHARAN,GEN,GEN,INC,Hand,84663
188,Kerala,Wayanad,Rahul Gandhi,GEN,GEN,INC,Hand,431770
189,Kerala,Kozhikode,M.K.RAGHAVAN,GEN,GEN,INC,Hand,85225
190,Kerala,Malappuram,P.K. Kunhalikutty,GEN,GEN,IUML,Ladder,260153
191,Kerala,Ponnani,E. T. Mohammed Basheer,GEN,GEN,IUML,Ladder,193273
192,Kerala,Palakkad,V K SREEKANDAN,GEN,GEN,INC,Hand,11637
193,Kerala,Alathur ,RAMYA HARIDAS,SC,SC,INC,Hand,158968
194,Kerala,Thrissur,T. N. PRATHAPAN,GEN,GEN,INC,Hand,93633
195,Kerala,Chalakudy,BENNY BEHANAN,GEN,GEN,INC,Hand,132274
196,Kerala,Ernakulam,HIBI EDEN,GEN,GEN,INC,Hand,169153
197,Kerala,Idukki,Adv. DEAN KURIAKOSE,GEN,GEN,INC,Hand,171053
198,Kerala,Kottayam,Thomas Chazhikadan,GEN,GEN,KEC(M),Two Leaves,106259
199,Kerala,Alappuzha,Adv. A M ARIFF,GEN,GEN,CPIM,"Hammer, Sickle and Star",10474
200,Kerala,Mavelikkara ,KODIKUNNIL SURESH,SC,SC,INC,Hand,61138
201,Kerala,Pathanamthitta,ANTO ANTONY,GEN,GEN,INC,Hand,44243
202,Kerala,Kollam,N.K.Premachandran,GEN,GEN,RSP,Spade & Stoker,148856
203,Kerala,Attingal,Adv. ADOOR PRAKASH,GEN,GEN,INC,Hand,38247
204,Kerala,Thiruvananthapuram,Dr. SHASHI THAROOR,GEN,GEN,INC,Hand,99989
205,Kerala,Kasaragod,Rajmohan Unnithan,GEN,GEN,INC,Hand,40438
206,Kerala,Kannur,K. SUDHAKARAN,GEN,GEN,INC,Hand,94559
207,Lakshadweep,Lakshadweep,MOHAMMED FAIZAL PP,ST,ST,NCP,Clock,823
208,Madhya Pradesh,BALAGHAT,DR DHAL SINGH BISEN,GEN,GEN,BJP,Lotus,242066
209,Madhya Pradesh,CHHINDWARA,NAKUL KAMAL NATH,GEN,GEN,INC,Hand,37536
210,Madhya Pradesh,HOSHANGABAD,UDAY PRATAP SINGH,GEN,GEN,BJP,Lotus,553682
211,Madhya Pradesh,VIDISHA,Ramakant Bhargava,GEN,GEN,BJP,Lotus,503084
212,Madhya Pradesh,BHOPAL,SADHVI PRAGYA SINGH THAKUR,GEN,GEN,BJP,Lotus,364822
213,Madhya Pradesh,RAJGARH,RODMAL NAGAR,GEN,GEN,BJP,Lotus,431019
214,Madhya Pradesh,DEWAS,MAHENDRA SINGH SOLANKY,SC,SC,BJP,Lotus,372249
215,Madhya Pradesh,UJJAIN,ANIL FIROJIYA,SC,SC,BJP,Lotus,365637
216,Madhya Pradesh,MANDSOUR,Sudheer Gupta,GEN,GEN,BJP,Lotus,376734
217,Madhya Pradesh,RATLAM,GUMAN SINGH DAMOR,ST,ST,BJP,Lotus,90636
218,Madhya Pradesh,DHAR,CHATTARSINGH DARBAR,ST,ST,BJP,Lotus,156029
219,Madhya Pradesh,INDORE,SHANKAR LALWANI,GEN,GEN,BJP,Lotus,547754
220,Madhya Pradesh,KHARGONE,GAJENDRA UMRAO SINGH PATEL,ST,ST,BJP,Lotus,202510
221,Madhya Pradesh,KHANDWA,NANDKUMAR SINGH CHOUHAN (NANDU BHAIYA),GEN,GEN,BJP,Lotus,273343
222,Madhya Pradesh,BETUL,DURGA DAS (D.D.) UIKEY,ST,ST,BJP,Lotus,360241
223,Madhya Pradesh,MORENA,NARENDRA SINGH TOMAR,GEN,GEN,BJP,Lotus,113341
224,Madhya Pradesh,BHIND,SANDHYA RAY,SC,SC,BJP,Lotus,199885
225,Madhya Pradesh,GWALIOR,VIVEK NARAYAN SHEJWALKAR,GEN,GEN,BJP,Lotus,146842
226,Madhya Pradesh,GUNA,"KRISHNA PAL SINGH ""Dr. K. P. YADAV""",GEN,GEN,BJP,Lotus,125549
227,Madhya Pradesh,SAGAR,RAJBAHADUR SINGH,GEN,GEN,BJP,Lotus,305542
228,Madhya Pradesh,TIKAMGARH,Dr Virendra Kumar,SC,SC,BJP,Lotus,348059
229,Madhya Pradesh,DAMOH,PRAHALAD SINGH PATEL,GEN,GEN,BJP,Lotus,353411
230,Madhya Pradesh,KHAJURAHO,V.D. SHARMA (VISHNU DATT SHARMA),GEN,GEN,BJP,Lotus,492382
231,Madhya Pradesh,SATNA,GANESH SINGH,GEN,GEN,BJP,Lotus,231473
232,Madhya Pradesh,REWA,JANARDAN MISHRA,GEN,GEN,BJP,Lotus,312808
233,Madhya Pradesh,SIDHI,Riti Pathak,GEN,GEN,BJP,Lotus,286524
234,Madhya Pradesh,SHAHDOL,HIMADRI SINGH,ST,ST,BJP,Lotus,403333
235,Madhya Pradesh,JABALPUR,RAKESH SINGH,GEN,GEN,BJP,Lotus,454744
236,Madhya Pradesh,MANDLA,FAGGAN SINGH KULASTE,ST,ST,BJP,Lotus,97674
237,Maharashtra,Jalna,Danve Raosaheb Dadarao,GEN,GEN,BJP,Lotus,332815
238,Maharashtra,Aurangabad,Imtiaz Jaleel Syed,GEN,GEN,AIMIM,Kite,4492
239,Maharashtra,Dindori ,Dr. Bharati Pravin Pawar,ST,ST,BJP,Lotus,198779
240,Maharashtra,Nashik,Godse Hemant Tukaram,GEN,GEN,SHS,Bow and Arrow,292204
241,Maharashtra,Palghar ,Rajendra Dhedya Gavit,ST,ST,SHS,Bow and Arrow,88883
242,Maharashtra,Bhiwandi,KAPIL MORESHWAR PATIL,GEN,GEN,BJP,Lotus,156329
243,Maharashtra,Kalyan,Dr. SHRIKANT EKNATH SHINDE,GEN,GEN,SHS,Bow and Arrow,344343
244,Maharashtra,Thane,RAJAN BABURAO VICHARE,GEN,GEN,SHS,Bow and Arrow,412145
245,Maharashtra,Mumbai North,Gopal Shetty,GEN,GEN,BJP,Lotus,465247
246,Maharashtra,Mumbai North West,Gajanan Kirtikar,GEN,GEN,SHS,Bow and Arrow,260328
247,Maharashtra,Mumbai North East,Manoj Kotak,GEN,GEN,BJP,Lotus,226486
248,Maharashtra,Mumbai North central,POONAM MAHAJAN,GEN,GEN,BJP,Lotus,130005
249,Maharashtra,Mumbai South central,Rahul Ramesh Shewale,GEN,GEN,SHS,Bow & Arrow,152139
250,Maharashtra,Mumbai   South,Arvind Ganpat Sawant,GEN,GEN,SHS,Bow and Arrow,100067
251,Maharashtra,Raigad,Tatkare Sunil Dattatray,GEN,GEN,NCP,Clock,31438
252,Maharashtra,Nandurbar ,Dr. Heena Vijaykumar Gavit,ST,ST,BJP,Lotus,95629
253,Maharashtra,Maval,SHRIRANG APPA CHANDU BARNE,GEN,GEN,SHS,Bow and Arrow,215913
254,Maharashtra,Dhule,Bhamre Subhash Ramrao,GEN,GEN,BJP,Lotus,229243
255,Maharashtra,Pune,Girish Bhalchandra Bapat,GEN,GEN,BJP,Lotus,324628
256,Maharashtra,Jalgaon,Unmesh Bhaiyyasaheb Patil,GEN,GEN,BJP,Lotus,411617
257,Maharashtra,Baramati,Supriya Sule,GEN,GEN,NCP,Clock,155774
258,Maharashtra,Shirur,Dr. Amol Ramsing Kolhe,GEN,GEN,NCP,Clock,58483
259,Maharashtra,Raver,Khadse Raksha Nikhil,GEN,GEN,BJP,Lotus,335882
260,Maharashtra,Ahmadnagar ,Dr. SUJAY RADHAKRISHNA VIKHEPATIL,GEN,GEN,BJP,Lotus,281474
261,Maharashtra,Buldhana,Jadhav Prataprao Ganpatrao,GEN,GEN,SHS,Bow and Arrow,133287
262,Maharashtra,Akola,Dhotre Sanjay Shamrao,GEN,GEN,BJP,Lotus,275596
263,Maharashtra,Shirdi,SADASHIV KISAN LOKHANDE,SC,SC,SHS,Bow and Arrow,120195
264,Maharashtra,Amravati ,Navnit Ravi Rana,SC,SC,IND,Spanner,36951
265,Maharashtra,Beed,Pritam Gopinathrao Munde,GEN,GEN,BJP,Lotus,168368
266,Maharashtra,Wardha,Ramdas Chandrabhanji Tadas,GEN,GEN,BJP,Lotus,187191
267,Maharashtra,Osmanabad,Omprakash Bhupalsinh Alias Pawan Rajenimbalkar,GEN,GEN,SHS,Bow and Arrow,127566
268,Maharashtra,Ramtek ,Krupal Balaji Tumane,SC,SC,SHS,Bow and Arrow,126783
269,Maharashtra,Latur ,Sudhakar Tukaram Shrangare,SC,SC,BJP,Lotus,289111
270,Maharashtra,Nagpur ,NITIN JAIRAM GADKARI,GEN,GEN,BJP,Lotus,216009
271,Maharashtra,Solapur ,SHRI. SHA. BRA. DR. JAI SIDHESHWAR SHIVACHARY MAHASWAMIJI,SC,SC,BJP,Lotus,158608
272,Maharashtra,Bhandara - gondiya,Sunil Baburao Mendhe,GEN,GEN,BJP,Lotus,197394
273,Maharashtra,Madha,Ranjeetsinha Hindurao Naik- Nimbalkar,GEN,GEN,BJP,Lotus,85764
274,Maharashtra,Gadchiroli-Chimur,ASHOK MAHADEORAO NETE,ST,ST,BJP,Lotus,77526
275,Maharashtra,Sangli,Sanjaykaka Patil,GEN,GEN,BJP,Lotus,164352
276,Maharashtra,Chandrapur,Balubhau alias Suresh Narayan Dhanorkar,GEN,GEN,INC,Hand,44763
277,Maharashtra,Satara,SHRIMANT CHH. UDAYANRAJE PRATAPSINHMAHARAJ BHONSLE,GEN,GEN,NCP,Clock,126528
278,Maharashtra,Yavatmal-Washim,Bhavana Pundlikrao Gawali,GEN,GEN,SHS,Bow and Arrow,117939
279,Maharashtra,Ratnagiri - sindhudurg,Vinayak Raut,GEN,GEN,SHS,Bow and Arrow,178322
280,Maharashtra,Hingoli ,Hemant Patil,GEN,GEN,SHS,Bow and Arrow,277856
281,Maharashtra,Kolhapur,Sanjay Sadashivrao Mandlik,GEN,GEN,SHS,Bow and Arrow,270568
282,Maharashtra,Nanded,Prataprao Patil Chikhalikar,GEN,GEN,BJP,Lotus,40148
283,Maharashtra,Hatkanangle,Dhairyasheel Sambhajirao Mane,GEN,GEN,SHS,Bow and Arrow,96039
284,Maharashtra,Parbhani,JADHAV SANJAY (BANDU) HARIBHAU,GEN,GEN,SHS,Bow and Arrow,42199
285,Manipur,Outer manipur,Lorho S. Pfoze,ST,ST,NPF,Cock,73782
286,Manipur,Inner manipur,DR RAJKUMAR RANJAN SINGH,GEN,GEN,BJP,Lotus,17755
287,Meghalaya,Shillong,VINCENT H. PALA,ST,ST,INC,Hand,152433
288,Meghalaya,Tura ,AGATHA K. SANGMA,ST,ST,NPEP,Book,64030
289,Mizoram,MIZORAM,C LALROSANGA,ST,ST,MNF,Star,8140
290,Nagaland,Nagaland,Tokheho Yepthomi,GEN,GEN,NDPP,Globe,16344
291,NCT OF Delhi,CHANDNI CHOWK                 ,HARSH VARDHAN,GEN,GEN,BJP,Lotus,228145
292,NCT OF Delhi,NORTH EAST DELHI              ,MANOJ TIWARI,GEN,GEN,BJP,Lotus,366102
293,NCT OF Delhi,EAST DELHI                    ,GAUTAM GAMBHIR,GEN,GEN,BJP,Lotus,391222
294,NCT OF Delhi,NEW DELHI                     ,MEENAKASHI LEKHI,GEN,GEN,BJP,Lotus,256504
295,NCT OF Delhi,NORTH WEST DELHI              ,HANS RAJ HANS,SC ,SC ,BJP,Lotus,553897
296,NCT OF Delhi,WEST DELHI                    ,PARVESH SAHIB SINGH VERMA,GEN,GEN,BJP,Lotus,578486
297,NCT OF Delhi,SOUTH DELHI                   ,RAMESH BIDHURI,GEN,GEN,BJP,Lotus,367043
298,Odisha,Bargarh,Suresh Pujari,GEN,GEN,BJP,Lotus,63939
299,Odisha,Sundargarh ,Jual Oram,ST,ST,BJP,Lotus,223065
300,Odisha,Sambalpur,NITESH GANGA DEB,GEN,GEN,BJP,Lotus,9162
301,Odisha,Keonjhar ,Chandrani Murmu,ST,ST,BJD,Conch,66203
302,Odisha,Mayurbhanj ,BISHWESWAR TUDU,ST,ST,BJP,Lotus,25256
303,Odisha,Balasore,PRATAP CHANDRA SARANGI,GEN,GEN,BJP,Lotus,12956
304,Odisha,Bhadrak ,MANJULATA MANDAL,SC,SC,BJD,Conch,28791
305,Odisha,Jajpur ,SARMISTHA SETHI,SC,SC,BJD,Conch,101693
306,Odisha,Dhenkanal,MAHESH SAHOO,GEN,GEN,BJD,Conch,35412
307,Odisha,Bolangir,Sangeeta Kumari Singh Deo,GEN,GEN,BJP,Lotus,19516
308,Odisha,Kalahandi,BASANTA KUMAR PANDA,GEN,GEN,BJP,Lotus,26814
309,Odisha,Nabarangpur ,RAMESH CHANDRA MAJHI,ST,ST,BJD,Conch,41634
310,Odisha,Kandhamal,ACHYUTANANDA SAMANTA,GEN,GEN,BJD,Conch,149216
311,Odisha,Cuttack,BHARTRUHARI MAHTAB,GEN,GEN,BJD,Conch,121201
312,Odisha,Kendrapara ,Anubhav Mohanty,GEN,GEN,BJD,Conch,153581
313,Odisha,Jagatsinghpur ,RAJASHREE MALLICK,SC,SC,BJD,Conch,271655
314,Odisha,Puri,PINAKI MISRA,GEN,GEN,BJD,Conch,11714
315,Odisha,Bhubaneswar,APARAJITA SARANGI,GEN,GEN,BJP,Lotus,23839
316,Odisha,Aska,Pramila Bisoyi,GEN,GEN,BJD,Conch,204707
317,Odisha,Berhampur,CHANDRA SEKHAR SAHU,GEN,GEN,BJD,Conch,94844
318,Odisha,Koraput ,SAPTAGIRI SANKAR ULAKA,ST,ST,INC,Hand,3613
319,Puducherry,Puducherry,Ve. VAITHILINGAM,GEN,GEN,INC,Hand,197025
320,Punjab,Ludhiana,RAVNEET SINGH BITTU,GEN,GEN,INC,Hand,76372
321,Punjab,Fatehgarh Sahib,AMAR SINGH,SC,SC,INC,Hand,93898
322,Punjab,Faridkot,Mohammad Sadique,SC,SC,INC,Hand,83256
323,Punjab,Firozpur,SUKHBIR SINGH BADAL,GEN,GEN,SAD,Scales,198850
324,Punjab,Bathinda,Harsimrat Kaur Badal,GEN,GEN,SAD,Scales,21772
325,Punjab,Sangrur,BHAGWANT MANN,GEN,GEN,AAAP,Broom,110211
326,Punjab,Patiala,Preneet Kaur,GEN,GEN,INC,Hand,162718
327,Punjab,Gurdaspur,SUNNY DEOL,GEN,GEN,BJP,Lotus,82459
328,Punjab,Amritsar,GURJEET SINGH AUJLA,GEN,GEN,INC,Hand,99626
329,Punjab,Khadoor Sahib,JASBIR SINGH GILL (DIMPA),GEN,GEN,INC,Hand,140573
330,Punjab,Jalandhar,Santokh Singh Chaudhary,SC,SC,INC,Hand,19491
331,Punjab,Hoshiarpur,SOM PARKASH,SC,SC,BJP,Lotus,48530
332,Punjab,Anandpur Sahib,Manish Tewari,GEN,GEN,INC,Hand,46884
333,Rajasthan,Ganganagar,NIHAL CHAND,SC,SC,BJP,Lotus,406978
334,Rajasthan,Bikaner (SC),ARJUN RAM MEGHWAL,SC,SC,BJP,Lotus,264081
335,Rajasthan,Churu,RAHUL KASWAN,GEN,GEN,BJP,Lotus,334402
336,Rajasthan,Jhunjhunu,NARENDRA KUMAR,GEN,GEN,BJP,Lotus,302547
337,Rajasthan,Sikar,Sumedhanand Saraswati,GEN,GEN,BJP,Lotus,297156
338,Rajasthan,Jaipur Rural,COL. RAJYAVARDHAN RATHORE,GEN,GEN,BJP,Lotus,393171
339,Rajasthan,Jaipur,Ramcharan Bohra,GEN,GEN,BJP,Lotus,430626
340,Rajasthan,Alwar,Balak Nath,GEN,GEN,BJP,Lotus,329971
341,Rajasthan,BHARATPUR,RANJEETA KOLI,SC,SC,BJP,Lotus,318399
342,Rajasthan,KARAULI-DHOLPUR,MANOJ RAJORIA,SC,SC,BJP,Lotus,97682
343,Rajasthan,Dausa,Jaskaur Meena,ST,ST,BJP,Lotus,78444
344,Rajasthan,TONK-SAWAI MADHOPUR,Sukhbir Singh Jaunapuria,GEN,GEN,BJP,Lotus,111291
345,Rajasthan,Ajmer,Bhagirath Chaudhary,GEN,GEN,BJP,Lotus,416424
346,Rajasthan,Nagaur,HANUMAN BENIWAL,GEN,GEN,RLTP,Tyres,181260
347,Rajasthan,Pali,P. P. CHAUDHARY,GEN,GEN,BJP,Lotus,481597
348,Rajasthan,Jodhpur,Gajendra Singh Shekhawat,GEN,GEN,BJP,Lotus,274440
349,Rajasthan,Barmer,KAILASH CHOUDHARY,GEN,GEN,BJP,Lotus,323808
350,Rajasthan,Jalore,Devaji Patel,GEN,GEN,BJP,Lotus,261110
351,Rajasthan,Udaipur,ARJUNLAL MEENA,ST,ST,BJP,Lotus,437914
352,Rajasthan,Banswara,KANAKMAL KATARA,ST,ST,BJP,Lotus,305464
353,Rajasthan,Chittorgarh,Chandra Prakash Joshi,GEN,GEN,BJP,Lotus,576247
354,Rajasthan,Rajsamand,Diya Kumari,GEN,GEN,BJP,Lotus,551916
355,Rajasthan,Bhilwara,SUBHASH CHANDRA BAHERIA,GEN,GEN,BJP,Lotus,612000
356,Rajasthan,Kota,OM BIRLA,GEN,GEN,BJP,Lotus,279677
357,Rajasthan,JHALAWAR-BARAN,DUSHYANT SINGH,GEN,GEN,BJP,Lotus,453928
358,Sikkim,Sikkim,INDRA HANG SUBBA,GEN,GEN,SKM,Table Lamp,12433
359,Tamil Nadu,Theni ,"RAVEENDRANATH KUMAR, P",GEN,GEN,ADMK,Two Leaves,76693
360,Tamil Nadu,Thiruvallur ,Dr.K.Jayakumar,SC,SC,INC,Hand,356955
361,Tamil Nadu,Virudhunagar,"MANICKAM TAGORE, B.",GEN,GEN,INC,Hand,154554
362,Tamil Nadu,Chennai North,Dr. KALANIDHI VEERASWAMY,GEN,GEN,DMK,Rising Sun,461518
363,Tamil Nadu,Ramanathapuram,K. NAVASKANI,GEN,GEN,IUML,Ladder,127122
364,Tamil Nadu,Chennai South,T.SUMATHY (A) THAMIZHACHI THANGAPANDIAN,GEN,GEN,DMK,Rising Sun,262223
365,Tamil Nadu,Thoothukkudi,KANIMOZHI KARUNANIDHI,GEN,GEN,DMK,Rising Sun,347209
366,Tamil Nadu,Chennai central,DAYANIDHI MARAN,GEN,GEN,DMK,Rising Sun,301520
367,Tamil Nadu,Tenkasi ,DHANUSH.M.KUMAR,SC,SC,DMK,Rising Sun,120767
368,Tamil Nadu,Sriperumbudur,Baalu.T.R.,GEN,GEN,DMK,Rising Sun,507955
369,Tamil Nadu,Tirunelveli,GNANATHIRAVIAM S,GEN,GEN,DMK,Rising Sun,185720
370,Tamil Nadu,Kancheepuram ,Selvam.G,SC,SC,DMK,Rising Sun,286632
371,Tamil Nadu,Kanniyakumari,Vasanthakumar. H,GEN,GEN,INC,Hand,259933
372,Tamil Nadu,Arakkonam,S. JAGATHRAKSHAKAN,GEN,GEN,DMK,Rising Sun,328956
373,Tamil Nadu,Krishnagiri,Dr.A.CHELLAKUMAR,GEN,GEN,INC,Hand,156765
374,Tamil Nadu,Dharmapuri,DNV SENTHILKUMAR. S.,GEN,GEN,DMK,Rising Sun,70753
375,Tamil Nadu,Tiruvannamalai,ANNADURAI C N,GEN,GEN,DMK,Rising Sun,304187
376,Tamil Nadu,Arani,VISHNU PRASAD M K,GEN,GEN,INC,Hand,230806
377,Tamil Nadu,Viluppuram,RAVIKUMAR D,SC,SC,DMK,Rising Sun,128068
378,Tamil Nadu,Kallakurichi,Gautham Sigamani Pon,GEN,GEN,DMK,Rising Sun,399919
379,Tamil Nadu,Salem,PARTHIBAN.S.R,GEN,GEN,DMK,Rising Sun,146926
380,Tamil Nadu,Namakkal,CHINRAJ A.K.P,GEN,GEN,DMK,Rising Sun,265151
381,Tamil Nadu,Erode,GANESHAMURTHI A,GEN,GEN,DMK,Rising Sun,210618
382,Tamil Nadu,Tiruppur,"SUBBARAYAN, K.",GEN,GEN,CPI,Ears of Corn And Sickle,93368
383,Tamil Nadu,Nilgiris ,"RAJA, A.",SC,SC,DMK,Rising Sun,205823
384,Tamil Nadu,Coimbatore,NATARAJAN. P.R,GEN,GEN,CPIM,"Hammer, Sickle and Star",179143
385,Tamil Nadu,Pollachi,SHANMUGA SUNDARAM. K,GEN,GEN,DMK,Rising Sun,175883
386,Tamil Nadu,Dindigul,"VELUSAMY, P.",GEN,GEN,DMK,Rising Sun,538972
387,Tamil Nadu,Karur,Jothimani S,GEN,GEN,INC,Hand,420546
388,Tamil Nadu,Tiruchirappalli,Thirunavukkarasar. SU,GEN,GEN,INC,Hand,459286
389,Tamil Nadu,Perambalur,"Dr.PAARIVENDHAR, T. R",GEN,GEN,DMK,Rising Sun,403518
390,Tamil Nadu,Cuddalore ,T. R. V .S. RAMESH,GEN,GEN,DMK,Rising Sun,143983
391,Tamil Nadu,Chidambaram ,THIRUMAAVALAVAN THOL,SC,SC,VCK,Pot,3219
392,Tamil Nadu,Mayiladuthurai,RAMALINGAM. S,GEN,GEN,DMK,Rising Sun,261314
393,Tamil Nadu,Nagapattinam ,SELVARAJ M,SC,SC,CPI,Ears of Corn And Sickle,211353
394,Tamil Nadu,Thanjavur,"PALANIMANICKAM,S.S.",GEN,GEN,DMK,Rising Sun,368129
395,Tamil Nadu,Sivaganga,KARTI P CHIDAMBARAM,GEN,GEN,INC,Hand,332244
396,Tamil Nadu,Madurai,VENKATESAN S,GEN,GEN,CPIM,"Hammer, Sickle and Star",139395
397,Telangana,Adilabad ,SOYAM BAPU RAO,ST,ST,BJP,Lotus,58560
398,Telangana,Peddapalle ,Venkatesh Netha Borlakunta,SC,SC,TRS,Car,95180
399,Telangana,Karimnagar ,BANDI SANJAY KUMAR,GEN,GEN,BJP,Lotus,89508
400,Telangana,Nizamabad,ARVIND DHARMAPURI,GEN,GEN,BJP,Lotus,70875
401,Telangana,Zahirabad,B.B.PATIL,GEN,GEN,TRS,Car,6229
402,Telangana,Medak,Kotha Prabhakar Reddy,GEN,GEN,TRS,Car,316427
403,Telangana,Malkajgiri,ANUMULA REVANTH REDDY,GEN,GEN,INC,Hand,10919
404,Telangana,Secundrabad,G . KISHAN REDDY,GEN,GEN,BJP,Lotus,62114
405,Telangana,Hyderabad,ASADUDDIN OWAISI,GEN,GEN,AIMIM,Kite,282186
406,Telangana,CHEVELLA,Dr. G. Ranjith Reddy,GEN,GEN,TRS,Car,14317
407,Telangana,Mahbubnagar,MANNE SRINIVAS REDDY,GEN,GEN,TRS,Car,77829
408,Telangana,Nagarkurnool,POTHUGANTI RAMULU,SC,SC,TRS,Car,189748
409,Telangana,Nalgonda,UTTAM KUMAR REDDY NALAMADA,GEN,GEN,INC,Hand,25682
410,Telangana,Bhongir ,Komati Reddy Venkat Reddy,GEN,GEN,INC,Hand,5219
411,Telangana,Warangal,DAYAKAR PASUNOORI,SC,SC,TRS,Car,350298
412,Telangana,Mahabubabad  ,Kavitha Malothu,ST,ST,TRS,Car,146663
413,Telangana,Khammam ,NAMA NAGESWR RAO,GEN,GEN,TRS,Car,168062
414,Tripura,Tripura West,Pratima Bhoumik,GEN,GEN,BJP,Lotus,305689
415,Tripura,Tripura East,Rebati Tripura,ST,ST,BJP,Lotus,204290
416,Uttar Pradesh,Aonla,DHARMENDRA KASHYAP,GEN,GEN,BJP,Lotus,113743
417,Uttar Pradesh,Bahraich,AKSHAIBAR LAL,SC,SC,BJP,Lotus,128752
418,Uttar Pradesh,Bareilly,SANTOSH KUMAR GANGWAR,GEN,GEN,BJP,Lotus,167282
419,Uttar Pradesh,Kaiserganj,Brijbhusan Sharan Singh,GEN,GEN,BJP,Lotus,261601
420,Uttar Pradesh,Pilibhit,Feroze Varun Gandhi,GEN,GEN,BJP,Lotus,255627
421,Uttar Pradesh,Shrawasti,RAM SHIROMANI,GEN,GEN,BSP,Elephant,5320
422,Uttar Pradesh,Shahjahanpur,Arun Kumar Sagar,SC,SC,BJP,Lotus,268418
423,Uttar Pradesh,Gonda,KIRTI VARDHAN SINGH ALIAS RAJA BHAIYA,GEN,GEN,BJP,Lotus,166360
424,Uttar Pradesh,Kheri,Ajay Kumar,GEN,GEN,BJP,Lotus,218807
425,Uttar Pradesh,Domariyaganj,JAGDAMBIKA PAL,GEN,GEN,BJP,Lotus,105321
426,Uttar Pradesh,Dhaurahra,REKHA VERMA,GEN,GEN,BJP,Lotus,160611
427,Uttar Pradesh,Basti,HARISH CHANDRA ALIAS HARISH DWIVEDI,GEN,GEN,BJP,Lotus,30354
428,Uttar Pradesh,Sant Kabir Nagar,PRAVEEN KUMAR NISHAD,GEN,GEN,BJP,Lotus,35749
429,Uttar Pradesh,Sitapur,Rajesh Verma,GEN,GEN,BJP,Lotus,100833
430,Uttar Pradesh,Maharajganj,PANKAJ CHOUDHARY,GEN,GEN,BJP,Lotus,340424
431,Uttar Pradesh,Hardoi,Jai Prakash,SC,SC,BJP,Lotus,132474
432,Uttar Pradesh,Misrikh,Ashok Kumar Rawat,SC,SC,BJP,Lotus,100672
433,Uttar Pradesh,Gorakhpur,Ravindra Shyamnarayan Shukla alias Ravi Kishan,GEN,GEN,BJP,Lotus,301664
434,Uttar Pradesh,Unnao,Swami Sakshi Ji Maharaj,GEN,GEN,BJP,Lotus,400956
435,Uttar Pradesh,Kushi Nagar,VIJAY KUMAR DUBEY,GEN,GEN,BJP,Lotus,337560
436,Uttar Pradesh,Saharanpur,HAJI FAZLUR REHMAN,GEN,GEN,BSP,Elephant,22417
437,Uttar Pradesh,Kairana,Pradeep Kumar,GEN,GEN,BJP,Lotus,92160
438,Uttar Pradesh,Mohanlalganj,Kaushal Kishore,SC,SC,BJP,Lotus,90204
439,Uttar Pradesh,Deoria,RAMAPATI RAM TRIPATHI,GEN,GEN,BJP,Lotus,249931
440,Uttar Pradesh,Muzaffarnagar,Sanjeev Kumar Balyan,GEN,GEN,BJP,Lotus,6526
441,Uttar Pradesh,Lucknow,Rajnath Singh,GEN,GEN,BJP,Lotus,347302
442,Uttar Pradesh,Bansgaon,Kamlesh Paswan,SC,SC,BJP,Lotus,153468
443,Uttar Pradesh,Bijnor,MALOOK NAGAR,GEN,GEN,BSP,Elephant,69941
444,Uttar Pradesh,Rae Bareli,SONIA GANDHI,GEN,GEN,INC,Hand,167178
445,Uttar Pradesh,Lalganj,Sangeeta Azad,SC,SC,BSP,Elephant,161597
446,Uttar Pradesh,Nagina,GIRISH CHANDRA,SC,SC,BSP,Elephant,166832
447,Uttar Pradesh,Amethi,Smriti Irani,GEN,GEN,BJP,Lotus,55120
448,Uttar Pradesh,Azamgarh,Akhilesh Yadav,GEN,GEN,SP,Bicycle,259874
449,Uttar Pradesh,Moradabad,Dr. S.T. HASAN,GEN,GEN,SP,Bicycle,97878
450,Uttar Pradesh,Sultanpur,MANEKA SANJAI GANDHI,GEN,GEN,BJP,Lotus,14526
451,Uttar Pradesh,Ghosi,ATUL KUMAR SINGH,GEN,GEN,BSP,Elephant,122568
452,Uttar Pradesh,Rampur,Mohammad Azam Khan,GEN,GEN,SP,Bicycle,109997
453,Uttar Pradesh,Pratapgarh,SANGAM LAL GUPTA,GEN,GEN,BJP,Lotus,117752
454,Uttar Pradesh,Salempur,RAVINDER,GEN,GEN,BJP,Lotus,112615
455,Uttar Pradesh,Sambhal,DR. SHAFIQUR REHMAN BARQ,GEN,GEN,SP,Bicycle,174826
456,Uttar Pradesh,Farrukhabad,Mukesh Rajput,GEN,GEN,BJP,Lotus,221702
457,Uttar Pradesh,Ballia,Virendra Singh,GEN,GEN,BJP,Lotus,15519
458,Uttar Pradesh,Amroha,KUNWAR DANISH ALI,GEN,GEN,BSP,Elephant,63248
459,Uttar Pradesh,Etawah,Dr RAM SHANKAR KATHERIA,SC,SC,BJP,Lotus,64437
460,Uttar Pradesh,Jaunpur,SHYAM SINGH YADAV,GEN,GEN,BSP,Elephant,80936
461,Uttar Pradesh,Meerut,RAJENDRA AGARWAL,GEN,GEN,BJP,Lotus,4729
462,Uttar Pradesh,Kannauj,SUBRAT PATHAK,GEN,GEN,BJP,Lotus,12353
463,Uttar Pradesh,Machhlishahr,Bholanath (B.P. Saroj),SC,SC,BJP,Lotus,181
464,Uttar Pradesh,Baghpat,Dr. SATYAPAL SINGH,GEN,GEN,BJP,Lotus,23502
465,Uttar Pradesh,Kanpur,Satyadev Pachauri,GEN,GEN,BJP,Lotus,155934
466,Uttar Pradesh,Ghazipur,AFZAL ANSARI,GEN,GEN,BSP,Elephant,119392
467,Uttar Pradesh,Ghaziabad,Vijay Kumar Singh,GEN,GEN,BJP,Lotus,501500
468,Uttar Pradesh,Akbarpur,Devendra Singh 'Bhole',GEN,GEN,BJP,Lotus,275142
469,Uttar Pradesh,Chandauli,Dr. Mahendra Nath Pandey,GEN,GEN,BJP,Lotus,13959
470,Uttar Pradesh,Varanasi,NARENDRA MODI,GEN,GEN,BJP,Lotus,479505
471,Uttar Pradesh,Gautam Buddha Nagar,Dr. MAHESH SHARMA,GEN,GEN,BJP,Lotus,336922
472,Uttar Pradesh,Jalaun,BHANU PRATAP SINGH VERMA,SC,SC,BJP,Lotus,158377
473,Uttar Pradesh,Bhadohi,RAMESH CHAND,GEN,GEN,BJP,Lotus,43615
474,Uttar Pradesh,Bulandshahr,BHOLA SINGH,SC,SC,BJP,Lotus,290057
475,Uttar Pradesh,Jhansi,Anurag Sharma,GEN,GEN,BJP,Lotus,365683
476,Uttar Pradesh,Hamirpur,KUNWAR PUSHPENDRA SINGH CHANDEL,GEN,GEN,BJP,Lotus,248652
477,Uttar Pradesh,Mirzapur,Anupriya Singh Patel,GEN,GEN,ADAL,Cup & Saucer,232008
478,Uttar Pradesh,Aligarh,SATISH KUMAR GAUTAM,GEN,GEN,BJP,Lotus,229261
479,Uttar Pradesh,Banda,R.K. SINGH PATEL,GEN,GEN,BJP,Lotus,58938
480,Uttar Pradesh,Robertsganj,PAKAURI LAL KOL,SC,SC,ADAL,Cup & Saucer,54336
481,Uttar Pradesh,Hathras,RAJVIR DILER,SC,SC,BJP,Lotus,260208
482,Uttar Pradesh,Mathura,HEMA MALINI,GEN,GEN,BJP,Lotus,293471
483,Uttar Pradesh,Fatehpur,NIRANJAN JYOTI,GEN,GEN,BJP,Lotus,198205
484,Uttar Pradesh,Agra,Satyapal Singh Baghel,SC,SC,BJP,Lotus,211546
485,Uttar Pradesh,Kaushambi,VINOD KUMAR SONKAR,SC,SC,BJP,Lotus,38722
486,Uttar Pradesh,Fatehpur Sikri,RAJKUMAR CHAHAR,GEN,GEN,BJP,Lotus,495065
487,Uttar Pradesh,Phulpur,Keshari Devi Patel,GEN,GEN,BJP,Lotus,171968
488,Uttar Pradesh,Firozabad,Dr. Chandra Sen Jadon,GEN,GEN,BJP,Lotus,28781
489,Uttar Pradesh,Allahabad,Rita Bahuguna Joshi,GEN,GEN,BJP,Lotus,184275
490,Uttar Pradesh,Mainpuri,MULAYAM SINGH YADAV,GEN,GEN,SP,Bicycle,94389
491,Uttar Pradesh,Barabanki,Upendra Singh Rawat,SC,SC,BJP,Lotus,110140
492,Uttar Pradesh,Etah,Rajveer Singh (Raju Bhaiya),GEN,GEN,BJP,Lotus,122670
493,Uttar Pradesh,Faizabad,LALLU SINGH,GEN,GEN,BJP,Lotus,65477
494,Uttar Pradesh,Badaun,Dr. Sanghmitra Maurya,GEN,GEN,BJP,Lotus,18454
495,Uttar Pradesh,Ambedkar Nagar,Ritesh Pandey,GEN,GEN,BSP,Elephant,95880
496,Uttarakhand,Hardwar,Ramesh Pokhriyal 'Nishank',GEN,GEN,BJP,Lotus,258729
497,Uttarakhand,Tehri Garhwal,MALA RAJYA LAXMI SHAH,GEN,GEN,BJP,Lotus,300586
498,Uttarakhand,Garhwal,Tirath Singh Rawat,GEN,GEN,BJP,Lotus,302669
499,Uttarakhand,Almora,Ajay Tamta,SC,SC,BJP,Lotus,232986
500,Uttarakhand,Nainital-udhamsingh Nagar,Ajay Bhatt,GEN,GEN,BJP,Lotus,339096
501,West Bengal,Maldaha Dakshin,ABU HASEM KHAN CHOWDHURY (DALU),GEN,GEN,INC,Hand,8222
502,West Bengal,Asansol,BABUL SUPRIYO,GEN,GEN,BJP,Lotus,197637
503,West Bengal,Jangipur,KHALILUR RAHAMAN,GEN,GEN,AITC,Flowers and Grass,245782
504,West Bengal,Bolpur,ASIT KUMAR MAL,SC,SC,AITC,Flowers and Grass,106402
505,West Bengal,Birbhum,SATABDI ROY,GEN,GEN,AITC,Flowers and Grass,88924
506,West Bengal,Baharampur,ADHIR RANJAN CHOWDHURY,GEN,GEN,INC,Hand,80696
507,West Bengal,Murshidabad,ABU TAHER KHAN,GEN,GEN,AITC,Flowers and Grass,226417
508,West Bengal,Krishnanagar,MAHUA MOITRA,GEN,GEN,AITC,Flowers and Grass,63218
509,West Bengal,Ranaghat,JAGANNATH SARKAR,SC,SC,BJP,Lotus,233428
510,West Bengal,Bangaon,SHANTANU THAKUR,SC,SC,BJP,Lotus,111594
511,West Bengal,Barrackpore,ARJUN SINGH,GEN,GEN,BJP,Lotus,14857
512,West Bengal,Dum dum,SOUGATA RAY,GEN,GEN,AITC,Flowers and Grass,53002
513,West Bengal,Barasat,Dr. Kakoli Ghoshdastidar,GEN,GEN,AITC,Flowers and Grass,110169
514,West Bengal,Basirhat,Nusrat Jahan Ruhi,GEN,GEN,AITC,Flowers and Grass,350369
515,West Bengal,Jaynagar,PRATIMA MONDAL,SC,SC,AITC,Flowers and Grass,316775
516,West Bengal,Mathurapur,CHOUDHURY MOHAN JATUA,SC,SC,AITC,Flowers and Grass,203974
517,West Bengal,Diamond harbour,ABHISHEK BANERJEE,GEN,GEN,AITC,Flowers and Grass,320594
518,West Bengal,Jadavpur,MIMI CHAKRABORTY,GEN,GEN,AITC,Flowers and Grass,295239
519,West Bengal,Kolkata Dakshin,Mala Roy,GEN,GEN,AITC,Flowers and Grass,155192
520,West Bengal,Kolkata Uttar,BANDYOPADHYAY SUDIP,GEN,GEN,AITC,Flowers and Grass,127095
521,West Bengal,Howrah,Prasun Banerjee,GEN,GEN,AITC,Flowers and Grass,103695
522,West Bengal,Uluberia,SAJDA AHMED,GEN,GEN,AITC,Flowers and Grass,215359
523,West Bengal,Srerampur,KALYAN BANERJEE,GEN,GEN,AITC,Flowers and Grass,98536
524,West Bengal,Hooghly,LOCKET CHATTERJEE,GEN,GEN,BJP,Lotus,73362
525,West Bengal,Arambagh,APARUPA PODDAR (AFRIN ALI),SC,SC,AITC,Flowers and Grass,1142
526,West Bengal,Tamluk,Adhikari Dibyendu,GEN,GEN,AITC,Flowers and Grass,190165
527,West Bengal,Kanthi,Adhikari Sisir,GEN,GEN,AITC,Flowers and Grass,111668
528,West Bengal,Ghatal,ADHIKARI DEEPAK (DEV),GEN,GEN,AITC,Flowers and Grass,107973
529,West Bengal,Cooch behar,NISITH PRAMANIK,SC,SC,BJP,Lotus,54231
530,West Bengal,Jhargram,Kunar Hembram,ST,ST,BJP,Lotus,11767
531,West Bengal,Alipurduars,JOHN BARLA,ST,ST,BJP,Lotus,243989
532,West Bengal,Medinipur,Dilip Ghosh,GEN,GEN,BJP,Lotus,88952
533,West Bengal,Jalpaiguri,Dr. JAYANTA KUMAR ROY,SC,SC,BJP,Lotus,184004
534,West Bengal,Purulia,JYOTIRMAY SINGH MAHATO,GEN,GEN,BJP,Lotus,204732
535,West Bengal,Darjeeling,RAJU BISTA,GEN,GEN,BJP,Lotus,413443
536,West Bengal,Bankura,DR. SUBHAS SARKAR,GEN,GEN,BJP,Lotus,174333
537,West Bengal,Raiganj,DEBASREE CHAUDHURI,GEN,GEN,BJP,Lotus,60574
538,West Bengal,Bishnupur,KHAN SAUMITRA,SC,SC,BJP,Lotus,78047
539,West Bengal,Balurghat,Sukanta Majumdar,GEN,GEN,BJP,Lotus,33293
540,West Bengal,Bardhaman Purba,SUNIL KUMAR MONDAL,SC,SC,AITC,Flowers and Grass,89311
541,West Bengal,Maldaha Uttar,KHAGEN MURMU,GEN,GEN,BJP,Lotus,84288
542,West Bengal,Bardhaman Durgapur,S.S AHLUWALIA,GEN,GEN,BJP,Lotus,2439
,,,,,,,,
,,,,,,,,
,,,,,,,,
Disclaimer,,,,,,,,
"This report is based on Index Cards data made available by concerned Returning Officers on the basis of Statutory data maintained in the forms. In case of any dispute, the data maintained in the Statutory Forms by the concerned Returning Officers shall prevail.",,,,,,,,
